Fecha,TempMedia,TempMax,HorMinTempMax,TempMin,HorMinTempMin,HumedadMedia,HumedadMax,HorMinHumMax,HumedadMin,HorMinHumMin,VelViento,DirViento,VelVientoMax,HorMinVelMax,DirVientoVelMax,Radiacion,Precipitacion,TempSuelo1,TempSuelo2,EtPMon,PePMon,Estacion
2004-08-11,27.242,33.625,1300,20.929,330,54.672,91.043,600,21.32,1800,1.555,186.894,4.457,1500,226.284,24.141,0.0,,,5.839547,0.0,IB07
2004-08-12,27.49,33.22,1000,20.08,210,49.59,67.22,210,28.38,1000,0.664,351.7,4.929,408,124.6,24.45,0.0,,,4.902103,0.0,IB07
2004-08-13,26.403,32.33,1130,20.13,500,58.744,81.211,2400,40.51,1130,0.96,72.887,3.462,1430,111.348,23.515,0.0,,,4.944411,0.0,IB07
2004-08-14,25.349,30.885,1200,19.112,500,70.106,89.87,530,50.838,1130,1.248,161.065,3.254,1300,188.537,23.107,0.0,,,4.786952,0.0,IB07
2004-08-15,25.887,32.58,1100,18.712,530,67.421,91.293,500,41.325,1030,1.241,157.941,3.371,1400,189.269,25.548,0.0,,,5.336908,0.0,IB07
2004-08-16,26.388,34.078,1300,18.055,530,62.472,88.575,500,31.288,1300,1.378,180.178,3.231,1300,205.25,25.952,0.0,,,5.726335,0.0,IB07
2004-08-17,26.607,31.716,1130,20.076,430,70.27,86.367,430,48.854,1100,2.016,209.085,3.965,1200,220.65,25.393,0.0,,,5.608107,0.0,IB07
2004-08-18,28.026,34.246,1230,21.49,500,66.092,91.699,500,35.678,1130,1.941,194.592,3.626,1300,187.564,25.762,0.0,,,6.151092,0.0,IB07
2004-08-19,27.804,33.363,1430,22.169,530,68.341,93.177,600,37.384,1700,2.399,209.974,4.398,1430,223.885,25.635,0.0,,,6.26904,0.0,IB07
2004-08-20,26.127,31.251,1130,19.386,2400,66.459,92.736,600,44.26,1600,1.491,125.201,3.116,1200,106.957,22.118,0.0,,,4.836328,0.0,IB07
2004-08-21,23.706,29.556,1100,17.146,330,63.486,82.888,230,41.891,1100,1.415,127.313,3.217,1330,118.159,19.604,0.0,,,4.354089,0.0,IB07
2004-08-22,24.049,30.579,1500,16.426,530,62.452,89.223,600,38.838,1730,1.225,167.289,2.918,1630,139.518,22.59,0.0,,,4.656312,0.0,IB07
2004-08-23,25.23,32.337,1530,17.305,500,62.476,85.566,500,36.78,1530,1.177,133.303,2.966,1330,134.444,22.272,0.0,,,4.781207,0.0,IB07
2004-08-24,27.033,34.844,1200,19.051,600,68.411,86.018,600,45.469,1500,1.784,136.628,3.75,1400,179.496,22.456,0.0,,,5.40684,0.0,IB07
2004-08-25,26.191,30.481,1200,22.82,2400,67.916,82.259,600,49.939,1200,1.792,88.323,3.101,1230,115.083,22.326,0.0,,,5.013835,0.0,IB07
2004-08-26,23.961,28.55,1230,20.525,2400,72.258,83.273,100,54.99,1230,1.054,114.585,3.056,1330,129.936,12.5,0.551,,,3.02194,0.0,IB07
2004-08-27,23.534,29.091,1430,17.783,600,72.411,89.844,530,54.757,1330,1.601,189.261,4.078,1430,225.071,16.699,0.0,,,3.755257,0.0,IB07
2004-08-28,24.601,29.99,1300,18.556,430,70.528,88.562,500,51.287,1300,1.121,149.77,2.891,1400,106.006,16.869,0.0,,,3.680408,0.0,IB07
2004-08-29,24.225,29.001,1030,19.504,600,75.18,88.855,500,58.059,930,0.896,159.806,2.511,1130,132.766,13.102,0.168,,,2.937891,0.0,IB07
2004-08-30,23.699,30.23,1230,19.583,430,79.41,92.632,2400,54.009,1030,0.929,148.497,3.232,1330,127.259,16.264,11.432,,,3.447166,6.6600943,IB07
2004-08-31,24.154,30.207,1330,17.911,500,76.518,94.096,530,53.622,1200,1.083,172.247,3.4,1430,178.302,21.297,3.582,,,4.158674,0.6776219,IB07
2004-09-01,25.31,30.29,1140,20.219,430,72.231,93.547,530,48.06,1100,0.576,166.4,1.616,1030,192.439,18.067,0.2,,,3.559166,0.0,IB07
2004-09-02,26.44,32.22,1050,20.41,550,66.09,84.5,600,40.44,1050,0.578,34.75,5.841,943,94.7,18.11,0.0,,,3.6871915,0.0,IB07
2004-09-03,28.43,33.88,1210,23.67,0,57.91,81.5,0,34.46,2010,0.832,357.2,7.91,1459,111.3,17.44,0.0,,,4.028817,0.0,IB07
2004-09-04,31.73,38.66,1220,25.26,540,44.12,78.0,1820,18.66,2210,0.761,344.8,6.556,2242,118.7,15.27,0.2,,,4.0346594,0.0,IB07
2004-09-05,29.98,38.41,1210,25.86,2230,49.63,77.5,1820,17.59,1210,0.505,60.01,6.066,1302,117.3,9.47,0.0,,,2.892784,0.0,IB07
2004-09-06,28.53,33.15,1340,24.46,530,57.27,77.5,530,38.73,120,1.034,164.4,8.83,1748,107.3,15.23,0.0,,,3.8523831,0.0,IB07
2004-09-07,26.08,28.98,1230,20.28,430,60.3,96.5,440,37.13,2020,1.229,164.3,7.15,822,105.6,12.04,11.2,,,3.1333647,6.4928117,IB07
2004-09-08,27.01,31.55,1250,22.13,610,52.24,68.87,610,40.71,1500,0.784,139.1,7.9,901,119.4,17.81,0.0,,,3.79245,0.0,IB07
2004-09-09,24.86,31.75,1120,18.49,510,58.28,82.7,2330,28.92,920,0.528,351.8,5.978,1140,124.9,18.22,0.0,,,3.4798038,0.0,IB07
2004-09-10,24.39,30.03,1240,19.95,200,67.68,89.1,2300,33.06,950,0.316,338.6,2.656,1312,348.2,13.93,0.0,,,2.6984127,0.0,IB07
2004-09-11,26.56,33.55,1050,21.01,0,56.15,86.7,0,18.54,300,0.549,343.7,3.293,746,108.7,16.51,0.0,,,3.4280267,0.0,IB07
2004-09-12,27.05,33.37,910,21.94,0,66.23,85.1,2040,36.45,900,0.363,335.8,3.087,1208,322.7,16.08,4.0,,,3.1805925,1.0315679,IB07
2004-09-13,25.2,29.5,950,20.21,540,74.2,90.2,550,55.79,840,0.401,353.1,3.195,2131,82.1,15.13,0.0,,,2.894226,0.0,IB07
2004-09-14,26.46,31.42,1140,22.6,110,63.03,83.1,0,38.71,1620,0.614,128.1,3.93,833,112.2,15.15,0.0,,,3.2084317,0.0,IB07
2004-09-15,22.18,27.58,920,18.81,520,83.1,98.3,550,54.12,920,0.57,49.48,6.772,334,0.0,9.91,0.0,,,2.1457272,0.0,IB07
2004-09-16,21.35,26.18,1330,16.63,2310,66.87,93.0,550,44.19,950,0.509,25.3,4.302,1427,317.5,15.64,0.0,,,2.745871,0.0,IB07
2004-09-17,20.31,26.37,1220,15.37,0,70.9,94.3,430,41.45,1400,0.289,343.8,2.92,1425,25.83,19.18,0.0,,,2.9291189,0.0,IB07
2004-09-18,20.09,27.25,940,13.11,510,72.5,96.1,520,30.32,1010,0.377,348.2,3.508,1452,23.28,19.7,0.0,,,2.9817061,0.0,IB07
2004-09-19,20.98,27.7,1320,16.09,40,77.9,93.6,630,54.32,1040,0.327,333.7,3.401,1039,27.44,13.68,0.0,,,2.3921258,0.0,IB07
2004-09-20,21.67,27.52,900,15.89,500,75.4,93.6,0,51.37,1510,0.323,335.1,2.911,1334,30.66,17.79,0.0,,,2.8623157,0.0,IB07
2004-09-21,21.85,27.79,900,16.43,510,78.4,96.8,540,50.27,840,0.322,341.8,3.577,1032,4.826,13.54,0.0,,,2.378989,0.0,IB07
2004-09-22,21.11,26.91,1320,16.36,0,82.9,97.3,450,57.93,930,0.4,350.3,3.793,1358,10.88,11.2,0.0,,,2.08834,0.0,IB07
2004-09-23,21.22,28.16,1350,15.03,410,76.9,96.3,600,47.31,1050,0.291,347.8,3.42,1321,22.42,17.36,0.0,,,2.7307808,0.0,IB07
2004-09-24,21.4,27.32,920,16.23,540,69.89,95.6,420,41.25,1110,0.381,338.0,3.724,1142,3.785,17.75,0.0,,,2.8006546,0.0,IB07
2004-09-25,19.27,22.73,1330,13.98,0,54.07,74.5,2250,31.0,1350,1.075,16.09,7.52,637,108.3,8.35,0.0,,,2.3501427,0.0,IB07
2004-09-26,19.3,26.12,1120,13.7,220,56.23,77.3,50,31.12,1540,0.451,354.9,3.273,1523,33.5,14.88,0.0,,,2.4262114,0.0,IB07
2004-09-27,18.07,24.71,1410,13.38,200,67.97,86.1,810,39.39,1410,0.35,357.5,4.106,1302,71.2,10.14,0.0,,,1.8378942,0.0,IB07
2004-09-28,20.04,26.31,1050,13.64,510,69.58,95.7,520,41.65,1010,0.453,6.642,3.469,2036,113.1,16.87,0.0,,,2.5859294,0.0,IB07
2004-09-29,19.67,26.46,930,13.24,540,68.95,90.5,450,37.73,930,0.299,338.8,3.528,1258,308.9,16.55,0.0,,,2.4004176,0.0,IB07
2004-09-30,19.39,27.63,1210,11.98,550,64.92,91.4,0,31.66,930,0.252,317.1,2.587,1306,333.2,16.93,0.0,,,2.3536716,0.0,IB07
2004-10-01,19.81,27.1,1220,12.98,600,76.3,92.5,110,39.87,910,0.298,327.2,3.156,1301,16.37,16.59,0.0,,,2.391934,0.0,IB07
2004-10-02,20.39,29.49,1120,12.78,510,64.0,90.8,20,26.18,1150,0.273,327.0,3.067,1417,21.48,16.42,0.0,,,2.3464577,0.0,IB07
2004-10-03,20.33,28.5,1420,12.78,540,68.03,87.5,310,31.73,910,0.265,328.0,2.675,1032,19.59,16.27,0.0,,,2.299123,0.0,IB07
2004-10-04,22.11,33.15,1220,14.44,610,70.0,94.0,540,14.19,1040,0.43,35.57,5.233,1055,109.2,15.04,0.0,,,2.5496182,0.0,IB07
2004-10-05,23.07,35.22,1120,16.43,230,72.2,94.2,2310,19.05,1120,0.293,16.0,5.263,1305,15.04,12.98,0.0,,,2.278618,0.0,IB07
2004-10-06,22.51,29.9,1230,16.63,600,65.75,88.0,2350,29.98,1520,0.299,330.8,2.636,1333,21.67,11.68,0.0,,,2.022554,0.0,IB07
2004-10-07,21.73,28.04,1100,17.43,20,79.9,96.1,2330,45.92,1110,0.275,335.3,3.195,1232,16.09,10.07,0.0,,,1.7984293,0.0,IB07
2004-10-08,22.67,29.17,1100,15.89,550,74.0,97.7,610,23.8,2120,0.472,325.8,3.548,1459,13.72,12.88,0.0,,,2.24698,0.0,IB07
2004-10-09,23.43,29.5,1350,17.23,550,60.12,87.5,0,27.39,1420,0.454,352.6,3.361,134,77.0,13.97,0.0,,,2.3292668,0.0,IB07
2004-10-10,21.68,23.99,1100,18.22,300,55.6,95.7,240,37.46,1520,0.728,338.3,4.91,1511,351.2,11.5,0.0,,,2.1140373,0.0,IB07
2004-10-11,20.07,25.65,1030,14.04,2300,61.68,91.5,2210,40.45,1030,0.379,357.3,3.577,205,3.503,8.45,0.0,,,1.6072363,0.0,IB07
2004-10-12,17.02,24.6,1130,12.44,410,74.6,97.1,0,37.33,1130,0.229,99.1,3.401,2006,103.0,6.048,0.0,,,1.2391816,0.0,IB07
2004-10-13,16.07,22.39,1210,11.71,2140,81.8,98.9,530,49.19,1230,0.332,3.783,4.283,38,127.8,12.84,0.0,,,1.7005355,0.0,IB07
2004-10-14,18.85,23.66,1110,11.78,10,65.02,92.4,120,45.19,1150,0.503,22.55,2.989,1057,315.5,9.08,0.0,,,1.6139429,0.0,IB07
2004-10-15,16.55,21.88,1340,11.71,0,68.01,88.3,2310,44.34,1610,0.241,343.6,2.95,1354,17.8,5.455,0.0,,,1.1348696,0.0,IB07
2004-10-16,18.47,23.32,1550,11.38,250,59.88,88.3,50,38.13,1700,0.47,353.0,3.783,1351,268.9,11.39,0.0,,,1.7200851,0.0,IB07
2004-10-17,17.9,23.19,1040,11.84,540,67.81,92.5,650,42.79,1520,0.388,25.81,2.93,2244,87.1,12.24,0.0,,,1.6829109,0.0,IB07
2004-10-18,19.58,25.13,1020,13.44,630,66.75,91.3,630,35.14,2200,0.441,100.4,3.538,2334,244.6,10.47,0.0,,,1.692197,0.0,IB07
2004-10-19,23.53,27.98,1520,18.01,620,58.21,81.9,300,37.12,1530,0.834,117.9,4.567,136,135.6,11.43,0.0,,,2.261296,0.0,IB07
2004-10-20,24.65,30.43,1520,18.75,40,59.51,77.4,40,39.85,1530,0.7,138.8,3.783,715,126.0,9.35,0.0,,,2.0956786,0.0,IB07
2004-10-21,23.18,26.99,910,18.49,0,60.66,79.7,1910,42.4,50,0.449,351.1,3.263,1455,4.069,9.49,0.0,,,1.7173772,0.0,IB07
2004-10-22,20.34,27.66,940,15.23,620,75.8,91.6,2000,42.58,1120,0.343,344.4,3.45,1156,14.76,10.04,0.0,,,1.6027427,0.0,IB07
2004-10-23,19.74,26.0,950,14.7,630,81.6,96.8,2020,52.6,950,0.29,350.0,3.136,1333,37.39,9.24,0.0,,,1.4348062,0.0,IB07
2004-10-24,23.22,27.78,1510,18.94,410,62.58,88.7,1750,37.41,150,0.434,6.763,3.763,1225,354.5,9.05,0.0,,,1.6585667,0.0,IB07
2004-10-25,23.1,32.64,1120,17.89,540,60.1,81.5,1830,20.79,1130,0.653,17.73,4.087,1713,130.9,6.926,0.0,,,2.0867195,0.0,IB07
2004-10-26,17.52,21.34,110,12.64,2020,63.41,80.7,2020,48.41,1050,0.807,341.3,4.361,1308,351.1,4.57,0.0,,,1.3876668,0.0,IB07
2004-10-27,18.37,21.4,1250,14.3,620,65.66,88.0,2220,49.13,1210,0.701,144.4,4.861,1948,89.5,6.858,0.0,,,1.395183,0.0,IB07
2004-10-28,19.25,22.01,1340,17.3,140,68.95,90.7,140,46.29,2120,0.576,117.1,3.146,640,119.0,4.552,0.0,,,1.2329029,0.0,IB07
2004-10-29,18.11,21.75,1040,13.77,2210,65.92,93.9,920,47.88,1550,0.644,142.0,3.91,1413,175.4,5.145,0.0,,,1.2495016,0.0,IB07
2004-10-30,15.11,18.42,1440,11.58,2340,80.6,92.3,2340,64.75,1450,0.124,71.0,1.382,2023,83.1,3.088,0.0,,,0.74638957,0.0,IB07
2004-10-31,13.76,19.35,1050,10.38,2220,86.0,98.5,730,55.68,1100,0.253,88.4,4.292,341,106.4,5.394,0.0,,,0.9042039,0.0,IB07
2004-11-01,12.13,17.95,1400,8.32,2330,87.1,97.8,2350,56.69,1410,0.231,78.2,3.459,809,143.2,4.404,0.0,,,0.80907184,0.0,IB07
2004-11-02,11.68,15.56,1110,8.26,10,96.7,99.2,2330,86.4,1110,0.124,86.3,2.097,1354,115.6,3.348,0.0,,,0.65002173,0.0,IB07
2004-11-03,13.79,20.8,1110,9.32,210,86.2,99.4,330,51.87,1030,0.159,6.026,2.626,1155,350.8,6.585,0.0,,,0.89129585,0.0,IB07
2004-11-04,14.19,20.41,1300,9.38,130,86.7,98.6,50,55.08,1230,0.086,81.5,1.499,1316,28.4,5.711,0.0,,,0.8090899,0.0,IB07
2004-11-05,16.12,18.89,2340,14.16,400,90.6,98.8,910,64.43,2220,0.328,15.83,5.557,2213,317.9,1.751,0.0,,,0.7312388,0.0,IB07
2004-11-06,15.73,20.74,1020,11.11,2120,80.9,97.4,2150,55.48,1000,0.448,357.3,5.713,148,24.15,5.963,0.0,,,1.0142037,0.0,IB07
2004-11-07,14.15,16.96,940,11.71,20,92.2,98.2,2350,73.3,1010,0.221,94.7,2.47,931,110.5,1.765,0.0,,,0.64049166,0.0,IB07
2004-11-08,13.36,18.55,1120,8.32,710,84.8,98.8,740,51.42,1100,0.153,15.41,2.479,1335,41.85,6.429,0.0,,,0.80310285,0.0,IB07
2004-11-09,13.26,17.1,1020,9.91,2110,85.4,97.9,450,65.16,1230,0.315,348.8,3.067,750,318.2,3.288,0.0,,,0.7371702,0.0,IB07
2004-11-10,11.97,15.84,150,7.66,2320,84.1,97.2,2330,64.51,150,0.487,58.45,6.056,1526,346.1,2.97,0.0,,,0.75960743,0.0,IB07
2004-11-11,9.72,13.31,2050,6.054,420,83.3,98.7,520,54.98,1650,0.704,23.62,6.047,2358,128.3,2.907,0.0,,,0.825672,0.0,IB07
2004-11-12,11.99,15.9,1240,7.66,30,88.3,98.8,250,67.71,1130,1.128,19.34,5.733,352,111.3,3.211,35.385,,,0.8943853,21.481049,IB07
2004-11-13,14.74,16.16,1010,12.44,0,51.48,84.3,110,28.09,1910,2.329,352.5,8.98,2228,12.79,4.208,0.0,,,2.1336594,0.0,IB07
2004-11-14,11.95,14.98,850,6.251,2010,51.4,88.6,2010,25.95,320,1.476,19.92,7.9,107,313.5,4.96,0.0,,,1.5789562,0.0,IB07
2004-11-15,8.68,12.32,1020,3.999,2350,79.2,96.5,2350,60.0,50,0.441,62.2,4.449,201,83.5,3.102,0.0,,,0.6808186,0.0,IB07
2004-11-16,7.46,14.63,1440,3.265,250,87.0,98.4,540,53.7,1410,0.152,8.0,2.656,1209,345.1,4.059,0.0,,,0.59329987,0.0,IB07
2004-11-17,9.63,15.96,1520,6.197,0,88.8,96.6,700,56.96,1430,0.1,42.22,2.234,1358,9.0,2.923,0.0,,,0.5835108,0.0,IB07
2004-11-18,10.37,18.23,1050,5.794,710,86.2,97.4,740,51.03,1050,0.234,32.96,2.871,1236,208.5,4.41,0.0,,,0.6977079,0.0,IB07
2004-11-19,10.35,17.45,1020,5.994,240,86.0,96.7,330,56.03,1440,0.25,34.55,2.901,1214,316.4,4.21,0.0,,,0.67880344,0.0,IB07
2004-11-20,12.38,17.56,1100,7.99,700,84.6,97.8,840,62.02,1110,0.237,108.0,3.577,1101,113.2,4.922,0.0,,,0.6809994,0.0,IB07
2004-11-21,13.29,20.03,1050,8.39,700,86.6,97.8,820,56.36,1050,0.134,345.2,2.303,1356,23.77,4.366,0.0,,,0.65702224,0.0,IB07
2004-11-22,11.77,18.63,1110,7.52,710,89.4,98.7,840,62.83,1130,0.115,0.313,1.98,1427,22.63,4.25,0.0,,,0.60826796,0.0,IB07
2004-11-23,12.37,17.95,1350,8.26,450,90.3,98.9,820,68.97,1130,0.083,346.3,2.46,1155,338.7,3.961,0.0,,,0.58764416,0.0,IB07
2004-11-24,12.38,16.97,1030,7.26,2350,87.4,97.5,840,62.55,1210,0.163,342.5,2.489,1417,26.89,4.698,0.0,,,0.6173385,0.0,IB07
2004-11-25,10.11,17.23,1200,5.928,630,87.6,98.7,830,57.49,1410,0.107,344.8,2.332,1351,329.4,3.997,0.0,,,0.56451756,0.0,IB07
2004-11-26,9.88,17.63,1200,5.334,610,86.0,98.7,830,50.43,1140,0.081,102.3,1.842,1318,322.8,4.24,0.0,,,0.5470323,0.0,IB07
2004-11-27,11.11,16.96,1240,6.788,320,91.3,97.7,550,68.83,1240,0.067,128.4,1.862,1248,329.1,3.647,0.0,,,0.5417534,0.0,IB07
2004-11-28,11.85,18.42,1350,5.926,450,83.3,99.0,850,58.29,1320,0.315,132.7,3.577,1840,127.1,4.721,0.0,,,0.67449844,0.0,IB07
2004-11-29,9.81,12.51,750,7.39,2350,95.4,98.0,2230,85.9,0,0.231,53.93,2.842,746,12.79,0.652,0.0,,,0.49723205,0.0,IB07
2004-11-30,8.77,14.9,1300,5.528,2130,87.4,98.3,230,52.9,1240,0.158,73.7,2.244,256,337.0,3.727,0.0,,,0.5480072,0.0,IB07
2004-12-01,13.24,18.82,1220,6.589,0,77.9,97.4,430,55.15,1730,0.765,145.2,7.28,1811,71.8,5.164,0.0,,,0.9006805,0.0,IB07
2004-12-02,14.23,19.15,1110,9.18,640,69.02,90.9,0,45.43,1020,0.432,125.6,3.802,117,4.264,5.379,0.0,,,0.79840505,0.0,IB07
2004-12-03,13.14,18.69,1330,8.32,650,88.2,98.5,840,61.89,1320,0.276,27.36,4.557,1519,107.5,4.105,0.0,,,0.640686,0.0,IB07
2004-12-04,13.03,17.36,1340,9.38,700,89.7,98.2,840,66.43,1340,0.607,33.46,7.15,1247,335.6,4.446,0.0,,,0.72123957,0.0,IB07
2004-12-05,12.19,13.84,1300,11.04,550,97.7,98.7,640,95.5,1440,0.186,72.7,2.715,216,85.1,1.857,0.0,,,0.49223605,0.0,IB07
2004-12-06,12.14,13.11,1920,10.44,410,91.2,98.7,210,82.5,920,1.073,352.4,5.008,1818,46.8,0.727,0.0,,,0.60225135,0.0,IB07
2004-12-07,13.39,15.84,1350,11.58,640,86.3,97.5,750,68.51,1540,1.355,103.5,8.33,1508,121.6,2.808,0.0,,,0.86562735,0.0,IB07
2004-12-08,13.79,17.97,1050,10.31,750,80.1,97.2,2300,55.29,1320,0.958,54.23,6.448,2217,86.4,4.288,0.0,,,0.9462385,0.0,IB07
2004-12-09,12.73,14.96,1530,10.04,700,97.8,99.0,810,89.1,2350,0.239,54.88,4.155,2343,306.1,2.059,0.0,,,0.512226,0.0,IB07
2004-12-10,13.74,16.03,1430,9.52,2220,81.3,95.3,2120,60.0,0,0.803,345.5,4.145,320,336.9,2.208,0.0,,,0.82015634,0.0,IB07
2004-12-11,12.45,17.69,1220,7.52,750,81.8,97.7,0,37.51,100,0.344,54.12,3.361,1325,9.85,4.47,0.0,,,0.701019,0.0,IB07
2004-12-12,11.68,18.23,1330,6.921,2340,89.8,98.0,2310,58.9,1330,0.161,67.92,3.381,219,172.1,2.936,0.0,,,0.5647791,0.0,IB07
2004-12-13,9.61,17.03,1340,5.334,740,92.1,99.1,900,63.7,1150,0.137,146.2,1.764,1507,107.2,4.072,0.0,,,0.5041225,0.0,IB07
2004-12-14,10.05,16.63,1340,5.264,720,92.8,99.3,930,71.2,1350,0.083,51.87,1.989,1145,319.9,4.061,0.0,,,0.48030815,0.0,IB07
2004-12-15,10.77,17.17,1220,6.721,0,90.8,98.5,2300,64.38,1210,0.128,15.56,1.842,1331,309.4,3.29,0.0,,,0.51904494,0.0,IB07
2004-12-16,10.47,16.37,1120,5.533,500,91.5,99.2,900,68.31,1130,0.249,332.2,2.646,1625,346.2,4.224,0.0,,,0.53606296,0.0,IB07
2004-12-17,13.3,15.65,2310,9.98,1850,74.1,88.0,1850,62.4,2030,0.599,349.7,4.743,421,12.79,3.457,0.0,,,0.735805,0.0,IB07
2004-12-18,12.41,15.96,1410,7.52,2010,78.3,95.4,2040,54.63,1420,0.345,355.3,3.871,123,354.5,3.014,0.0,,,0.6473516,0.0,IB07
2004-12-19,13.19,18.22,1120,8.12,20,77.5,94.1,2140,47.62,1440,0.669,1.064,3.685,2223,354.6,4.779,0.0,,,0.8609394,0.0,IB07
2004-12-20,12.92,15.9,1410,8.66,0,73.4,95.9,2330,50.7,440,0.93,335.8,7.12,437,323.0,2.959,0.0,,,0.9267078,0.0,IB07
2004-12-21,8.97,12.45,1140,6.921,130,88.9,96.8,350,56.98,1150,0.196,68.47,3.018,1152,112.7,2.033,0.0,,,0.5394255,0.0,IB07
2004-12-22,9.26,11.78,1050,4.066,2320,68.32,95.9,0,47.57,1520,0.743,5.726,6.203,1329,312.2,3.801,0.0,,,0.7473641,0.0,IB07
2004-12-23,6.846,13.78,1120,3.198,2250,84.9,97.9,440,48.1,1320,0.189,50.17,2.264,1313,297.3,4.11,0.0,,,0.49872482,0.0,IB07
2004-12-24,8.29,15.23,1340,2.666,730,84.3,98.3,850,60.39,1100,0.421,92.4,3.469,2016,72.8,4.135,0.0,,,0.5986645,0.0,IB07
2004-12-25,11.41,14.5,1320,7.46,2240,75.0,95.9,2210,58.64,1240,0.981,138.7,6.615,2354,345.0,3.404,0.0,,,0.83041674,0.0,IB07
2004-12-26,6.257,8.73,2020,3.796,0,90.2,97.1,910,64.55,2020,0.619,40.31,6.772,409,12.51,1.038,0.0,,,0.5954329,0.0,IB07
2004-12-27,7.99,12.64,1240,2.332,310,68.88,95.9,310,46.91,1240,0.578,4.78,3.401,1208,253.5,4.101,0.0,,,0.6956512,0.0,IB07
2004-12-28,9.78,12.98,2000,5.188,640,66.55,84.1,730,52.18,1250,0.845,336.2,6.086,2001,6.158,2.671,0.0,,,0.87015945,0.0,IB07
2004-12-29,10.88,12.11,1220,9.79,700,48.66,67.52,0,37.1,1400,2.183,332.4,10.81,2223,286.2,3.166,0.0,,,1.8047805,0.0,IB07
2004-12-30,9.83,11.51,1430,3.131,2350,57.42,92.0,0,37.1,1400,1.833,352.5,11.2,219,34.3,2.167,0.0,,,1.3149611,0.0,IB07
2004-12-31,8.94,13.44,1430,2.8,40,85.8,94.0,250,69.99,1310,0.172,24.2,2.754,1329,318.5,2.486,0.0,,,,,IB07
2005-01-01,9.49,16.18,1100,4.801,2340,89.6,97.3,2300,71.1,1440,0.131,347.2,2.43,1233,12.79,3.949,0.0,,,0.5013221,0.0,IB07
2005-01-02,7.56,16.1,1330,3.265,720,89.7,98.9,730,54.96,1340,0.093,248.4,1.891,1334,219.7,4.221,0.0,,,0.4748616,0.0,IB07
2005-01-03,9.39,15.24,1100,3.933,0,86.6,97.3,2350,62.98,1100,0.251,17.39,2.45,1507,278.2,4.716,0.0,,,0.5473482,0.0,IB07
2005-01-04,7.56,14.97,1320,3.665,200,89.1,98.2,800,60.57,1310,0.218,31.06,2.94,1351,321.6,4.79,0.0,,,0.5228873,0.0,IB07
2005-01-05,7.46,14.52,1120,2.144,750,86.0,97.8,830,59.05,1140,0.259,33.39,2.568,1447,312.2,4.402,0.0,,,0.54549533,0.0,IB07
2005-01-06,7.01,14.65,1140,2.275,650,87.9,98.7,740,59.18,1200,0.118,248.2,2.117,1316,17.05,4.684,0.0,,,0.48030826,0.0,IB07
2005-01-07,7.04,15.51,1200,2.074,710,90.0,99.0,700,59.84,1210,0.152,8.23,2.43,1355,40.44,4.616,0.0,,,0.50536734,0.0,IB07
2005-01-08,8.09,15.71,1140,3.398,250,87.4,98.7,230,58.77,1140,0.181,30.25,2.019,1324,206.1,4.698,0.0,,,0.5368067,0.0,IB07
2005-01-09,7.36,15.63,1350,3.136,650,89.6,99.0,630,62.24,1200,0.181,14.18,2.911,1042,111.4,5.377,0.0,,,0.525278,0.0,IB07
2005-01-10,8.43,14.96,1210,3.599,0,82.8,98.1,250,53.97,1120,0.266,118.4,2.401,1343,9.38,5.69,0.0,,,0.58406544,0.0,IB07
2005-01-11,8.59,14.04,1130,3.599,0,83.3,97.3,50,57.84,1340,0.131,33.52,1.95,1053,205.7,4.298,0.0,,,0.5278238,0.0,IB07
2005-01-12,9.69,15.3,1110,6.002,20,79.8,93.6,0,49.83,1110,0.284,129.4,2.852,1049,101.9,4.824,0.0,,,0.64298755,0.0,IB07
2005-01-13,7.92,14.58,1130,3.799,0,89.6,98.2,910,65.65,1130,0.138,336.2,2.675,1242,292.6,5.541,0.0,,,0.52860975,0.0,IB07
2005-01-14,6.864,15.25,1130,2.272,630,89.7,99.2,730,57.51,1150,0.135,324.5,2.695,1428,7.48,5.358,0.0,,,0.5283415,0.0,IB07
2005-01-15,7.03,15.85,1140,1.342,600,88.1,99.6,610,48.17,1200,0.103,229.4,2.068,1351,24.72,5.286,0.0,,,0.5252161,0.0,IB07
2005-01-16,7.94,15.38,1140,2.735,730,90.5,99.0,630,68.25,1140,0.123,330.3,2.372,1201,354.6,5.659,0.0,,,0.5459053,0.0,IB07
2005-01-17,9.31,12.91,1110,5.594,2240,93.7,97.6,510,82.9,1110,0.054,62.89,1.421,2310,190.1,1.661,0.0,,,0.50118756,0.0,IB07
2005-01-18,10.57,15.17,1210,5.266,600,78.8,97.7,110,51.32,1910,0.848,343.7,6.664,2107,305.7,4.578,0.0,,,0.9239911,0.0,IB07
2005-01-20,10.06,17.49,1120,4.801,350,83.1,96.2,400,53.88,1520,0.297,81.9,2.842,1129,189.7,6.721,0.0,,,0.72413784,0.0,IB07
2005-01-21,9.4,17.5,1340,4.6,2330,80.5,96.9,820,41.89,1340,0.288,40.22,2.558,1039,16.3,6.399,0.0,,,0.7451182,0.0,IB07
2005-01-22,7.75,15.65,1100,3.398,2350,87.8,98.0,810,55.96,1210,0.199,320.4,2.764,1343,17.62,6.239,0.0,,,0.6367479,0.0,IB07
2005-01-23,7.79,15.04,1120,2.533,300,89.2,98.8,600,66.5,1530,0.228,339.5,2.793,1254,235.6,6.076,0.0,,,0.634052,0.0,IB07
2005-01-24,7.08,10.65,1350,1.596,2210,82.9,96.7,350,50.95,0,0.84,22.7,5.988,1549,354.5,2.288,0.0,,,0.8207755,0.0,IB07
2005-01-25,5.354,6.195,1010,3.727,1700,35.38,51.81,1710,25.3,900,2.003,344.2,9.7,1038,23.32,2.905,0.0,,,1.7130399,0.0,IB07
2005-01-26,2.931,4.801,0,-0.06,1650,56.35,90.7,1610,28.91,220,1.807,350.9,8.03,743,14.6,2.23,0.0,,,1.1513823,0.0,IB07
2005-01-27,4.158,6.726,1030,-0.261,240,61.08,87.9,0,35.05,1010,0.633,20.58,4.263,1237,0.0,5.014,0.0,,,0.78362685,0.0,IB07
2005-01-28,4.532,8.94,0,-1.528,130,66.19,93.7,630,38.57,1310,0.58,343.4,4.077,1453,10.42,5.39,0.0,,,0.7849237,0.0,IB07
2005-01-29,7.58,9.98,1010,4.333,1910,61.9,74.2,540,47.54,2000,1.04,358.0,6.027,1319,352.7,2.88,0.0,,,1.0500818,0.0,IB07
2005-01-30,6.0,9.05,1520,0.608,2150,60.85,90.0,2200,45.73,10,0.923,7.87,6.301,143,348.9,3.896,0.0,,,0.90395474,0.0,IB07
2005-01-31,5.952,10.92,1340,0.541,2350,70.8,95.2,0,51.38,1530,0.363,24.07,3.44,240,283.1,4.275,0.0,,,0.6948372,0.0,IB07
2005-02-01,7.1,12.77,1110,0.875,0,76.1,96.2,2350,48.83,1400,0.556,355.6,4.43,1245,354.5,7.8,0.0,,,0.88258904,0.0,IB07
2005-02-02,8.14,13.1,1350,2.007,100,70.0,96.9,130,43.57,1140,0.763,27.07,6.644,1044,7.49,6.421,0.0,,,1.0050079,0.0,IB07
2005-02-03,7.78,13.18,1150,4.266,2220,86.9,96.7,2330,66.58,1250,0.211,27.1,2.205,1359,325.8,3.88,0.0,,,0.64917654,0.0,IB07
2005-02-04,8.97,14.1,1150,4.926,610,84.4,97.9,630,57.57,1210,0.29,54.62,2.881,1434,14.59,6.084,0.0,,,0.7849601,0.0,IB07
2005-02-05,7.19,12.24,1310,3.398,350,89.5,98.1,610,63.59,1340,0.081,111.9,1.607,1150,170.5,3.107,0.0,,,0.5892365,0.0,IB07
2005-02-06,6.95,12.84,1320,2.273,620,84.7,97.1,820,52.91,1330,0.269,113.4,3.891,1246,126.0,4.512,0.0,,,0.7221134,0.0,IB07
2005-02-07,10.6,15.23,1300,6.662,0,78.3,96.1,910,54.97,1540,0.814,139.8,5.449,2035,220.8,5.81,0.0,,,1.0535772,0.0,IB07
2005-02-08,9.41,12.51,0,4.933,700,79.9,96.5,2040,50.71,210,0.603,119.4,7.36,2251,66.81,2.445,0.0,,,0.8419501,0.0,IB07
2005-02-09,11.23,13.5,1310,5.196,0,71.8,94.1,2350,54.11,400,0.942,356.2,5.331,7,55.15,4.405,0.0,,,1.0387727,0.0,IB07
2005-02-10,7.39,14.56,1420,2.407,550,87.1,98.8,740,62.63,1320,0.207,311.6,2.901,1500,306.0,10.03,0.0,,,0.9092492,0.0,IB07
2005-02-11,7.76,16.02,1230,2.01,600,79.4,99.0,610,44.82,1200,0.376,2.348,4.067,1203,206.2,10.98,0.0,,,1.0757586,0.0,IB07
2005-02-12,8.66,17.22,1400,2.607,530,77.8,92.0,700,48.82,1250,0.4,2.435,3.508,1656,354.4,8.61,0.0,,,1.0629141,0.0,IB07
2005-02-13,11.84,17.08,1220,5.201,640,66.9,94.2,750,46.57,2120,1.041,340.7,6.497,2300,315.6,11.44,0.0,,,1.5361799,0.0,IB07
2005-02-14,10.34,12.98,10,8.72,700,41.19,71.2,250,23.22,1920,2.601,326.3,9.32,42,299.2,9.21,0.0,,,2.5234861,0.0,IB07
2005-02-15,8.062,10.84,1300,4.131,1930,51.644,73.0,1920,27.56,1400,1.085,357.6,5.9,2135,354.6,8.95,0.0,,,1.4856257,0.0,IB07
2005-02-16,5.778,7.46,1450,1.209,2110,50.78,82.7,2150,37.65,400,1.666,346.6,10.46,723,75.6,5.528,0.0,,,1.326066,0.0,IB07
2005-02-17,5.258,7.33,250,1.409,0,70.9,91.7,950,52.34,320,0.736,35.55,4.822,715,340.2,1.685,0.0,,,0.7664289,0.0,IB07
2005-02-18,4.389,9.38,1530,-0.327,2330,81.6,96.0,0,51.05,1520,0.292,344.5,2.646,1147,12.7,5.182,0.0,,,0.75909555,0.0,IB07
2005-02-19,5.804,11.66,2110,-0.327,140,80.3,97.9,540,50.1,1550,0.384,18.11,3.91,2034,43.6,7.24,0.0,,,0.925398,0.0,IB07
2005-02-20,7.65,11.13,2230,3.198,300,74.1,89.5,340,48.53,2200,0.668,359.3,5.116,2144,2.086,4.31,0.0,,,0.97680336,0.0,IB07
